{
  "name": "dedenne-ex-b3b-024",
  "lists": [
    {
      "cards": [
        "2:b3b-024",
        "2:b3b-023",
        "1:a3-066",
        "1:a4-066",
        "2:pa-007",
        "2:b1-225",
        "1:a2-150",
        "1:a2b-070",
        "1:pa-005",
        "2:a3a-065",
        "2:a2-147",
        "1:b3-148",
        "1:b3b-064",
        "1:b2-154"
      ],
      "score": 0.24410715773973674,
      "strength": 0.7047690627705189
    },
    {
      "cards": [
        "2:b2b-040",
        "2:a4a-059",
        "2:b3b-024",
        "2:pa-007",
        "2:b1-225",
        "1:a1-225",
        "2:pa-005",
        "2:b3b-064",
        "2:b2-147",
        "1:a2-148",
        "1:a2-147",
        "1:b2-154"
      ],
      "score": 0.14138246350940112,
      "strength": 0.39929645391568747
    },
    {
      "cards": [
        "2:b3b-023",
        "2:b3b-024",
        "1:a4-066",
        "1:a3-066",
        "2:pa-007",
        "2:b1-225",
        "1:a2-150",
        "1:a2b-070",
        "1:pa-005",
        "2:a2-147",
        "1:b3b-064",
        "1:a3a-065",
        "1:b3-148",
        "1:b2-147",
        "1:b2-154"
      ],
      "score": 0.24005649645319016,
      "strength": 0.6927236039832272
    }
  ],
  "popularity": 0.010707206743971052,
  "percentOfGames": 0.010707206743971052
}