{
  "name": "espeon-b3a-020&swablu-b1-196",
  "lists": [
    {
      "cards": [
        "2:b1-196",
        "2:b1-102",
        "2:b1-184",
        "2:b3a-020",
        "2:b2b-040",
        "2:a4a-059",
        "2:pa-007",
        "1:a2-150",
        "1:b1-225",
        "1:b1-226",
        "1:a1-225",
        "1:pa-005",
        "1:b2-153"
      ],
      "score": 0.2493486117805555,
      "strength": 0.7278048461008993
    },
    {
      "cards": [
        "2:b1-196",
        "1:b1-102",
        "2:b1-184",
        "2:b3a-020",
        "2:b2b-040",
        "2:a4a-059",
        "2:pa-007",
        "1:a2-150",
        "1:b1-225",
        "1:b1-226",
        "1:a1-225",
        "2:pa-005",
        "1:b2-153"
      ],
      "score": 0.25678644386609295,
      "strength": 0.7499227408137203
    }
  ],
  "popularity": 0.006932947658025607,
  "percentOfGames": 0.006932947658025607
}