{
  "name": "gourgeist-b2-072",
  "lists": [
    {
      "cards": [
        "2:a4a-034",
        "2:a4a-035",
        "2:b2-071",
        "2:b2-072",
        "1:b1-121",
        "2:pa-007",
        "2:b1-225",
        "1:a1-225",
        "1:a2-150",
        "2:pa-005",
        "1:b2-147",
        "1:b2-155",
        "1:b2b-069"
      ],
      "score": 0.23985510148076136,
      "strength": 0.6927663039720533
    },
    {
      "cards": [
        "2:b1-196",
        "1:b1-102",
        "2:b2-071",
        "2:b2-072",
        "2:b2-070",
        "1:a3-080",
        "2:b1-225",
        "2:pa-007",
        "1:a2-150",
        "1:a1-225",
        "1:pa-005",
        "2:b2-155",
        "1:b2-153"
      ],
      "score": 0.18485006949310379,
      "strength": 0.5291977409570343
    },
    {
      "cards": [
        "2:b2-071",
        "2:b2-072",
        "2:b3b-031",
        "1:b3b-032",
        "1:b2-073",
        "1:a3-080",
        "2:pa-007",
        "2:b1-225",
        "1:a2-150",
        "1:b1a-069",
        "2:pa-005",
        "1:b3-147",
        "2:b2-155"
      ],
      "score": 0.1909053707595436,
      "strength": 0.5472044012748909
    },
    {
      "cards": [
        "2:b2-071",
        "2:b2-072",
        "2:b2-070",
        "1:b2a-052",
        "1:b2a-053",
        "1:b3b-059",
        "1:b3b-060",
        "1:a3-080",
        "2:pa-007",
        "2:b1-225",
        "1:a1-225",
        "2:pa-005",
        "2:b2-155"
      ],
      "score": 0.19135408314995198,
      "strength": 0.5485387381210652
    }
  ],
  "popularity": 0.010382138093790648,
  "percentOfGames": 0.010382138093790648
}