{
  "name": "great-tusk-b3a-034",
  "lists": [
    {
      "cards": [
        "2:b3b-039",
        "2:b3b-040",
        "2:b3a-034",
        "1:b3a-036",
        "2:a3-148",
        "2:pa-007",
        "2:b1-225",
        "1:a2b-070",
        "1:a2-150",
        "2:pa-005",
        "2:a2-147",
        "1:b3-154"
      ],
      "score": 0.20881817430811592,
      "strength": 0.6134625770962933
    },
    {
      "cards": [
        "2:b3a-034",
        "1:b3a-036",
        "1:b3b-061",
        "2:b3a-072",
        "2:b1-225",
        "2:pa-007",
        "1:a2-150",
        "1:b3-149",
        "2:pa-005",
        "1:b3-147",
        "1:pa-006",
        "2:b3a-069",
        "1:b3-154",
        "1:b2-154"
      ],
      "score": 0.166630999216479,
      "strength": 0.4880104982946586
    },
    {
      "cards": [
        "2:b3b-039",
        "2:b3b-040",
        "2:b3a-034",
        "1:b3a-036",
        "1:b3b-061",
        "2:pa-007",
        "2:b1-225",
        "1:a2-150",
        "1:a2b-070",
        "1:a3-148",
        "2:pa-005",
        "2:a2-147",
        "1:b3-154"
      ],
      "score": 0.20737950286478235,
      "strength": 0.6091843972255931
    }
  ],
  "popularity": 0.003800171408222191,
  "percentOfGames": 0.003800171408222191
}