{
  "name": "hisuian-zoroark-ex-b3b-060",
  "lists": [
    {
      "cards": [
        "2:b3a-044",
        "2:b3a-045",
        "2:b3b-059",
        "2:b3b-060",
        "1:a3a-042",
        "1:b1-120",
        "2:pa-007",
        "2:b1-225",
        "1:a1-225",
        "2:pa-005",
        "1:a3-146",
        "1:b3b-065",
        "1:b2-153"
      ],
      "score": 0.21217953692917746,
      "strength": 0.6230155107259682
    },
    {
      "cards": [
        "2:b3a-044",
        "2:b3a-045",
        "2:b3b-059",
        "2:b3b-060",
        "2:a3a-042",
        "1:b1-120",
        "2:pa-007",
        "2:b1-225",
        "1:a1-225",
        "2:pa-005",
        "1:a3-146",
        "1:b2-153"
      ],
      "score": 0.2073241027463653,
      "strength": 0.6085768973228382
    },
    {
      "cards": [
        "2:b3b-059",
        "2:b3b-060",
        "2:a2a-018",
        "2:b3b-017",
        "1:b1-109",
        "1:a4a-023",
        "2:pa-007",
        "2:b1-225",
        "1:a2-150",
        "1:a2b-070",
        "2:pa-005",
        "1:b3b-065",
        "1:b2-153"
      ],
      "score": 0.19342030739700772,
      "strength": 0.5672311559684902
    }
  ],
  "popularity": 0.004024499353276421,
  "percentOfGames": 0.004024499353276421
}