{
  "name": "magnezone-ex-b3-054",
  "lists": [
    {
      "cards": [
        "2:b1a-024",
        "2:a1-098",
        "1:b1a-026",
        "1:b3-054",
        "2:a3a-021",
        "1:b3a-019",
        "1:a3-066",
        "2:pa-007",
        "1:a2-150",
        "1:b1-225",
        "1:b1a-068",
        "1:b1-226",
        "1:a2b-070",
        "2:pa-005",
        "1:a2-147"
      ],
      "score": 0.25583919603719213,
      "strength": 0.749305805089365
    },
    {
      "cards": [
        "2:b1a-024",
        "2:a1-098",
        "1:b3-054",
        "1:b1a-026",
        "2:a3-066",
        "1:b2-017",
        "2:pa-007",
        "1:a1-225",
        "1:a2-150",
        "1:a2b-070",
        "1:b1-226",
        "1:b1-225",
        "1:b1a-068",
        "2:pa-005",
        "1:a2-147"
      ],
      "score": 0.22990850747633185,
      "strength": 0.672195669659544
    }
  ],
  "popularity": 0.005818343188229911,
  "percentOfGames": 0.005818343188229911
}