{
  "name": "mega-blaziken-ex-b1-036&castform-sunny-form-b3-024",
  "lists": [
    {
      "cards": [
        "2:b1-033",
        "2:b1-036",
        "2:b3-024",
        "2:pa-007",
        "1:b1-225",
        "1:a2-150",
        "1:a1-225",
        "2:pa-005",
        "2:a3-144",
        "2:b1-217",
        "1:b2-147",
        "1:b2b-069",
        "1:b2a-093"
      ],
      "score": 0.25597075221767057,
      "strength": 0.7436445476031597
    },
    {
      "cards": [
        "2:b1-033",
        "2:b1-036",
        "2:b3-024",
        "2:pa-007",
        "1:b1-225",
        "1:a2-150",
        "1:a1-225",
        "2:pa-005",
        "2:a3-144",
        "2:b1-217",
        "1:b2-147",
        "2:b2b-069"
      ],
      "score": 0.26041990874536936,
      "strength": 0.756875012409141
    },
    {
      "cards": [
        "2:b1-033",
        "2:b1-036",
        "2:b3-024",
        "1:b1-044",
        "2:pa-007",
        "2:b1-225",
        "1:a2-150",
        "2:pa-005",
        "2:a3-144",
        "2:b1-217",
        "1:b2b-069",
        "1:b2a-093"
      ],
      "score": 0.24585019047057408,
      "strength": 0.7135490148481056
    },
    {
      "cards": [
        "2:b1-033",
        "2:b1-036",
        "2:b3-024",
        "2:pa-007",
        "1:b1-225",
        "1:a2-150",
        "1:a1-225",
        "2:pa-005",
        "2:a3-144",
        "2:b1-217",
        "1:a2-148",
        "2:b2b-069"
      ],
      "score": 0.258901755039018,
      "strength": 0.7523604759892816
    }
  ],
  "popularity": 0.008884898792724619,
  "percentOfGames": 0.008884898792724619
}