{
  "name": "mega-altaria-ex-b1-102&darkrai-b2b-040",
  "lists": [
    {
      "cards": [
        "2:b1-196",
        "2:b1-102",
        "2:b2b-040",
        "2:a4a-059",
        "2:pa-007",
        "2:b1-225",
        "1:a2-150",
        "1:b1-226",
        "1:a1-225",
        "2:pa-005",
        "2:pa-002",
        "1:b2-153"
      ],
      "score": 0.22852661930274468,
      "strength": 0.6720974053048805
    },
    {
      "cards": [
        "2:b1-196",
        "2:b1-102",
        "2:a4a-059",
        "2:b2b-040",
        "2:pa-007",
        "1:a1-225",
        "1:a2-150",
        "1:a2b-070",
        "1:b1-225",
        "1:b1-226",
        "1:a2-155",
        "2:pa-005",
        "1:pa-002",
        "1:b2-153"
      ],
      "score": 0.22671644665805532,
      "strength": 0.6667144916404112
    }
  ],
  "popularity": 0.0037860914113971825,
  "percentOfGames": 0.0037860914113971825
}