{
  "name": "mega-altaria-ex-b1-102&gourgeist-b2-072",
  "lists": [
    {
      "cards": [
        "2:b2-071",
        "2:b2-072",
        "2:b1-196",
        "2:b1-102",
        "1:b1-109",
        "1:b1-106",
        "2:pa-007",
        "1:b1-226",
        "1:a1-225",
        "1:a2-150",
        "1:b1-225",
        "1:a2-155",
        "2:pa-005",
        "1:b2-153"
      ],
      "score": 0.23419351044863457,
      "strength": 0.6848196390607141
    },
    {
      "cards": [
        "2:b2-071",
        "2:b2-072",
        "2:b1-196",
        "2:b1-102",
        "1:b1-106",
        "1:a3-080",
        "1:b1-109",
        "2:pa-007",
        "2:b1-225",
        "1:a1-225",
        "1:b1-226",
        "1:a2-150",
        "1:pa-005",
        "1:b2-153"
      ],
      "score": 0.2672989722819215,
      "strength": 0.7832654107354649
    }
  ],
  "popularity": 0.005878307505072457,
  "percentOfGames": 0.005878307505072457
}