{
  "name": "mega-scizor-ex-b2b-047&revavroom-b2b-050",
  "lists": [
    {
      "cards": [
        "2:a2b-055",
        "2:b2b-050",
        "2:b2b-001",
        "2:b2b-047",
        "1:a2-111",
        "2:pa-007",
        "1:b1-225",
        "1:a2-150",
        "1:a2b-071",
        "2:pa-005",
        "2:a2-148",
        "1:b3b-065",
        "1:b3b-069"
      ],
      "score": 0.2074266846336338,
      "strength": 0.6017348764658123
    },
    {
      "cards": [
        "2:a2b-055",
        "2:b2b-050",
        "2:b2b-001",
        "2:b2b-047",
        "1:b2a-077",
        "2:pa-007",
        "2:b1-225",
        "1:a2-150",
        "1:a2b-071",
        "2:pa-005",
        "2:b2-148",
        "1:b2-153"
      ],
      "score": 0.2382371662532844,
      "strength": 0.6933560613322756
    },
    {
      "cards": [
        "2:a2b-055",
        "2:b2b-050",
        "2:b2b-001",
        "2:b2b-047",
        "1:b2a-077",
        "2:pa-007",
        "2:b1-225",
        "1:a2b-071",
        "1:a2-150",
        "2:pa-005",
        "1:b2-145",
        "1:b2-148",
        "1:b2-153"
      ],
      "score": 0.23498603315855104,
      "strength": 0.6836881609737151
    },
    {
      "cards": [
        "2:b2b-001",
        "2:b2b-047",
        "2:b2a-075",
        "2:b2b-050",
        "1:b2a-077",
        "2:pa-007",
        "2:b1-225",
        "1:a2-150",
        "1:a2b-071",
        "2:pa-005",
        "2:b2-148",
        "1:b2-153"
      ],
      "score": 0.22091700695877306,
      "strength": 0.6418510723409022
    }
  ],
  "popularity": 0.0076456485943942705,
  "percentOfGames": 0.0076456485943942705
}