{
  "name": "mega-altaria-ex-b1-102",
  "lists": [
    {
      "cards": [
        "2:b2-074",
        "2:b2-075",
        "2:b1-196",
        "2:b1-102",
        "2:b1-109",
        "1:a3-080",
        "2:pa-007",
        "1:a1-225",
        "1:b1-226",
        "1:a2-150",
        "1:b1-225",
        "1:b3-147",
        "1:pa-005",
        "1:b2-153"
      ],
      "score": 0.23137888353258632,
      "strength": 0.6707391431463245
    },
    {
      "cards": [
        "2:pb-017",
        "2:b1-102",
        "2:b2-074",
        "2:b2-075",
        "2:b1-109",
        "2:pa-007",
        "2:b1-226",
        "1:a1-225",
        "1:a2-150",
        "1:b1-225",
        "1:b3-147",
        "1:b3b-065",
        "1:b2-153"
      ],
      "score": 0.19963620544208377,
      "strength": 0.5763458839500228
    },
    {
      "cards": [
        "2:b1-196",
        "2:b1-102",
        "2:b1-109",
        "1:b1-106",
        "1:a3-084",
        "1:a3-080",
        "1:b1-121",
        "2:pa-007",
        "1:b1-226",
        "1:a1-225",
        "1:b1-225",
        "1:a2-150",
        "1:a2-155",
        "2:pa-005",
        "1:b2-153"
      ],
      "score": 0.22096607109428346,
      "strength": 0.6397745439827373
    }
  ],
  "popularity": 0.00877166999171174,
  "percentOfGames": 0.00877166999171174
}