{
  "name": "mega-manectric-ex-b2b-027",
  "lists": [
    {
      "cards": [
        "2:pb-043",
        "2:b2b-027",
        "2:a3a-021",
        "2:pa-007",
        "2:b1-225",
        "1:a1-225",
        "1:a2-150",
        "1:a2b-070",
        "1:a1-223",
        "2:pa-005",
        "2:a2-148",
        "1:b2-147",
        "1:b2-153"
      ],
      "score": 0.27399221109299293,
      "strength": 0.7989123464274734
    },
    {
      "cards": [
        "2:pb-043",
        "2:b2b-027",
        "2:a3a-021",
        "2:pa-007",
        "2:b1-225",
        "1:a1-225",
        "1:a2-150",
        "1:a2b-070",
        "2:pa-005",
        "1:b3-147",
        "2:a2-148",
        "1:b2-147",
        "1:b2-153"
      ],
      "score": 0.2763120919563631,
      "strength": 0.8058109803428695
    },
    {
      "cards": [
        "2:b2b-026",
        "2:b2b-027",
        "2:a3a-021",
        "2:pa-007",
        "2:b1-225",
        "1:a1-225",
        "1:a2-150",
        "1:a2b-070",
        "2:pa-005",
        "1:a3-142",
        "1:b2a-086",
        "2:a2-148",
        "1:b2-153"
      ],
      "score": 0.243872037366821,
      "strength": 0.7093439313912244
    }
  ],
  "popularity": 0.008035047008474735,
  "percentOfGames": 0.008035047008474735
}