{
  "name": "mega-blaziken-ex-b1-036&greninja-a1-089",
  "lists": [
    {
      "cards": [
        "2:b1-033",
        "1:b1-034",
        "1:b1-036",
        "1:a1-087",
        "1:a1-089",
        "1:b3-024",
        "1:b1-044",
        "2:b1-225",
        "2:pa-007",
        "1:a2-150",
        "1:b3a-071",
        "2:a3-144",
        "2:pa-005",
        "1:b1-217",
        "1:b2b-069"
      ],
      "score": 0.32846001435127126,
      "strength": 0.8652483279618621
    },
    {
      "cards": [
        "2:b1-033",
        "1:b1-034",
        "1:b1-036",
        "1:b1-071",
        "1:a1-089",
        "1:b1-044",
        "1:b3-024",
        "2:pa-007",
        "2:b1-225",
        "1:a2-150",
        "1:b3a-071",
        "2:pa-005",
        "2:a3-144",
        "1:b1-217",
        "1:b2b-069"
      ],
      "score": 0.3168476644879738,
      "strength": 0.830716662190021
    },
    {
      "cards": [
        "2:b1-033",
        "1:b1-034",
        "2:b1-036",
        "1:a1-087",
        "1:a1-089",
        "1:b3-024",
        "1:b1-044",
        "2:pa-007",
        "1:b1-225",
        "1:a2-150",
        "1:b3a-071",
        "2:a3-144",
        "2:pa-005",
        "1:b1-217",
        "1:b2b-069"
      ],
      "score": 0.29248512791498327,
      "strength": 0.758269743160157
    },
    {
      "cards": [
        "2:b1-033",
        "1:b1-034",
        "1:b1-036",
        "1:a1-087",
        "1:a1-089",
        "1:b3-024",
        "1:b2a-021",
        "2:pa-007",
        "2:b1-225",
        "1:a2-150",
        "1:b3a-071",
        "2:a3-144",
        "2:pa-005",
        "1:b1-217",
        "1:b2b-069"
      ],
      "score": 0.3163022960126062,
      "strength": 0.8290948989693471
    }
  ],
  "popularity": 0.056489693550727166,
  "percentOfGames": 0.056489693550727166
}