{
  "name": "mega-charizard-y-ex-b1a-014",
  "lists": [
    {
      "cards": [
        "2:a2b-008",
        "2:b2b-008",
        "1:b1a-014",
        "1:b1a-013",
        "2:a4a-010",
        "2:pa-007",
        "1:b1-225",
        "1:b1-223",
        "1:a1-225",
        "1:a2b-070",
        "2:b1-217",
        "2:pa-005",
        "1:a2-147",
        "1:b2-147"
      ],
      "score": 0.2574823043494458,
      "strength": 0.7553468812447898
    },
    {
      "cards": [
        "2:a2b-008",
        "2:b2b-008",
        "1:b1a-013",
        "1:b1a-014",
        "2:a4a-010",
        "2:pa-007",
        "1:b1-225",
        "1:b1-223",
        "1:a1-225",
        "1:a2b-070",
        "2:pa-005",
        "2:b1-217",
        "1:b2-145",
        "1:a2-147"
      ],
      "score": 0.25244300851456053,
      "strength": 0.7403615181146546
    }
  ],
  "popularity": 0.00523316765962958,
  "percentOfGames": 0.00523316765962958
}