{
  "name": "mega-charizard-x-ex-b2b-009",
  "lists": [
    {
      "cards": [
        "2:a1-033",
        "1:b2b-008",
        "1:b1a-012",
        "1:b2b-009",
        "1:b1a-014",
        "2:a4a-010",
        "2:pa-007",
        "1:a1-225",
        "1:a2-150",
        "1:b1-223",
        "1:b1-225",
        "2:pa-005",
        "2:b1-217",
        "1:b2-147",
        "1:a2-148"
      ],
      "score": 0.245529649938031,
      "strength": 0.7137431496653114
    },
    {
      "cards": [
        "2:b2b-007",
        "1:b2b-008",
        "1:b1a-012",
        "1:b1a-014",
        "1:b2b-009",
        "2:a4a-010",
        "2:pa-007",
        "1:b1-223",
        "1:a1-225",
        "1:a2-150",
        "1:b1-225",
        "2:pa-005",
        "2:b1-217",
        "1:a2-147",
        "1:b2-147"
      ],
      "score": 0.24612564310852425,
      "strength": 0.7155154556333585
    },
    {
      "cards": [
        "2:a1-033",
        "2:b2b-008",
        "1:b2b-009",
        "1:b1a-014",
        "2:a4a-010",
        "2:pa-007",
        "1:a1-225",
        "1:a2-150",
        "1:b1-223",
        "1:b1-225",
        "2:pa-005",
        "2:b1-217",
        "1:b2-147",
        "1:a2-147"
      ],
      "score": 0.24293417911404247,
      "strength": 0.7060249933860373
    },
    {
      "cards": [
        "2:b2b-007",
        "1:b2b-008",
        "1:b1a-012",
        "1:b1a-014",
        "1:b2b-009",
        "2:a4a-010",
        "2:pa-007",
        "2:b1-223",
        "1:a2b-070",
        "1:a1-225",
        "1:a2-150",
        "2:pa-005",
        "2:b1-217",
        "1:a2-147"
      ],
      "score": 0.22195976800633915,
      "strength": 0.6436533491745932
    }
  ],
  "popularity": 0.008303591741183,
  "percentOfGames": 0.008303591741183
}